quarter,previous_estimate,revised_estimate
2020-Q1,561200,561200
2020-Q2,438900,438900
2020-Q3,301400,301400
2020-Q4,224800,224800
2021-Q1,183500,183500
2021-Q2,212700,212700
2021-Q3,331900,331900
2021-Q4,425300,425300
2022-Q1,523800,523800
2022-Q2,648100,648100
2022-Q3,861600,861600
2022-Q4,982400,982400
2023-Q1,1052300,1052300
2023-Q2,1148900,1148900
2023-Q3,1251700,1251700
2023-Q4,1271400,1271400
2024-Q1,1238600,1238600
2024-Q2,1149200,1149200
2024-Q3,1012500,1012500
2024-Q4,817800,817800
2025-Q1,561400,561400
2025-Q2,329700,329700
2025-Q3,118300,214600
2025-Q4,-21700,163900
2026-Q1,-83400,131200
2026-Q2,-61900,152800
